[{"fields": {"clipboard": 5, "user": ["rajatg"], "language": "en"}, "model": "cms.usersettings", "pk": 1}, {"fields": {"slot": "clipboard", "default_width": null}, "model": "cms.placeholder", "pk": 5}, {"fields": {"slot": "content", "default_width": null}, "model": "cms.placeholder", "pk": 6}, {"fields": {"slot": "content", "default_width": null}, "model": "cms.placeholder", "pk": 7}, {"fields": {"slot": "feature", "default_width": null}, "model": "cms.placeholder", "pk": 8}, {"fields": {"slot": "feature", "default_width": null}, "model": "cms.placeholder", "pk": 9}, {"fields": {"slot": "footer", "default_width": null}, "model": "cms.placeholder", "pk": 10}, {"fields": {"slot": "footer", "default_width": null}, "model": "cms.placeholder", "pk": 11}, {"fields": {"slot": "content", "default_width": null}, "model": "cms.placeholder", "pk": 12}, {"fields": {"slot": "content", "default_width": null}, "model": "cms.placeholder", "pk": 13}, {"fields": {"slot": "text_only", "default_width": null}, "model": "cms.placeholder", "pk": 14}, {"fields": {"slot": "text_only", "default_width": null}, "model": "cms.placeholder", "pk": 15}, {"fields": {"slot": "video_only", "default_width": null}, "model": "cms.placeholder", "pk": 16}, {"fields": {"slot": "image_only", "default_width": null}, "model": "cms.placeholder", "pk": 17}, {"fields": {"slot": "image_only-2", "default_width": null}, "model": "cms.placeholder", "pk": 18}, {"fields": {"slot": "image_only-1", "default_width": null}, "model": "cms.placeholder", "pk": 19}, {"fields": {"slot": "text_only_1", "default_width": null}, "model": "cms.placeholder", "pk": 20}, {"fields": {"slot": "text_only_2", "default_width": null}, "model": "cms.placeholder", "pk": 21}, {"fields": {"slot": "image_only_1", "default_width": null}, "model": "cms.placeholder", "pk": 22}, {"fields": {"slot": "image_only_2", "default_width": null}, "model": "cms.placeholder", "pk": 23}, {"fields": {"slot": "card_only", "default_width": null}, "model": "cms.placeholder", "pk": 24}, {"fields": {"slot": "text_only_1", "default_width": null}, "model": "cms.placeholder", "pk": 25}, {"fields": {"slot": "video_only", "default_width": null}, "model": "cms.placeholder", "pk": 26}, {"fields": {"slot": "text_only_2", "default_width": null}, "model": "cms.placeholder", "pk": 27}, {"fields": {"slot": "image_only_1", "default_width": null}, "model": "cms.placeholder", "pk": 28}, {"fields": {"slot": "image_only_2", "default_width": null}, "model": "cms.placeholder", "pk": 29}, {"fields": {"slot": "card_only", "default_width": null}, "model": "cms.placeholder", "pk": 30}, {"fields": {"slot": "image_only", "default_width": null}, "model": "cms.placeholder", "pk": 31}, {"fields": {"slot": "image_only-2", "default_width": null}, "model": "cms.placeholder", "pk": 32}, {"fields": {"slot": "image_only-1", "default_width": null}, "model": "cms.placeholder", "pk": 33}, {"fields": {"slot": "content", "default_width": null}, "model": "cms.placeholder", "pk": 34}, {"fields": {"slot": "content", "default_width": null}, "model": "cms.placeholder", "pk": 35}, {"fields": {"slot": "text_only_1", "default_width": null}, "model": "cms.placeholder", "pk": 36}, {"fields": {"slot": "video_only", "default_width": null}, "model": "cms.placeholder", "pk": 37}, {"fields": {"slot": "text_only_2", "default_width": null}, "model": "cms.placeholder", "pk": 38}, {"fields": {"slot": "image_only_1", "default_width": null}, "model": "cms.placeholder", "pk": 39}, {"fields": {"slot": "image_only_2", "default_width": null}, "model": "cms.placeholder", "pk": 40}, {"fields": {"slot": "card_only", "default_width": null}, "model": "cms.placeholder", "pk": 41}, {"fields": {"slot": "text_only_1", "default_width": null}, "model": "cms.placeholder", "pk": 42}, {"fields": {"slot": "video_only", "default_width": null}, "model": "cms.placeholder", "pk": 43}, {"fields": {"slot": "text_only_2", "default_width": null}, "model": "cms.placeholder", "pk": 44}, {"fields": {"slot": "image_only_1", "default_width": null}, "model": "cms.placeholder", "pk": 45}, {"fields": {"slot": "image_only_2", "default_width": null}, "model": "cms.placeholder", "pk": 46}, {"fields": {"slot": "card_only", "default_width": null}, "model": "cms.placeholder", "pk": 47}, {"fields": {"slot": "content", "default_width": null}, "model": "cms.placeholder", "pk": 48}, {"fields": {"slot": "feature", "default_width": null}, "model": "cms.placeholder", "pk": 49}, {"fields": {"slot": "feature", "default_width": null}, "model": "cms.placeholder", "pk": 50}, {"fields": {"slot": "text_only_1", "default_width": null}, "model": "cms.placeholder", "pk": 51}, {"fields": {"slot": "video_only", "default_width": null}, "model": "cms.placeholder", "pk": 52}, {"fields": {"slot": "text_only_2", "default_width": null}, "model": "cms.placeholder", "pk": 53}, {"fields": {"slot": "image_only_1", "default_width": null}, "model": "cms.placeholder", "pk": 54}, {"fields": {"slot": "image_only_2", "default_width": null}, "model": "cms.placeholder", "pk": 55}, {"fields": {"slot": "card_only", "default_width": null}, "model": "cms.placeholder", "pk": 56}, {"fields": {"slot": "text_only_1", "default_width": null}, "model": "cms.placeholder", "pk": 57}, {"fields": {"slot": "video_only", "default_width": null}, "model": "cms.placeholder", "pk": 58}, {"fields": {"slot": "text_only_2", "default_width": null}, "model": "cms.placeholder", "pk": 59}, {"fields": {"slot": "image_only_1", "default_width": null}, "model": "cms.placeholder", "pk": 60}, {"fields": {"slot": "image_only_2", "default_width": null}, "model": "cms.placeholder", "pk": 61}, {"fields": {"slot": "card_only", "default_width": null}, "model": "cms.placeholder", "pk": 62}, {"fields": {"slot": "content", "default_width": null}, "model": "cms.placeholder", "pk": 73}, {"fields": {"slot": "content", "default_width": null}, "model": "cms.placeholder", "pk": 76}, {"fields": {"slot": "content", "default_width": null}, "model": "cms.placeholder", "pk": 77}, {"fields": {"changed_date": "2015-11-17T10:18:53.649Z", "language": "en", "parent": null, "numchild": 0, "creation_date": "2015-11-17T09:55:55.440Z", "depth": 1, "position": 1, "path": "0005", "placeholder": 6, "plugin_type": "CMSCardPlugin"}, "model": "cms.cmsplugin", "pk": 17}, {"fields": {"changed_date": "2015-11-17T10:00:35.307Z", "language": "en", "parent": null, "numchild": 0, "creation_date": "2015-11-17T10:00:25.419Z", "depth": 1, "position": 0, "path": "0007", "placeholder": 10, "plugin_type": "TextPlugin"}, "model": "cms.cmsplugin", "pk": 20}, {"fields": {"changed_date": "2015-11-17T10:18:53.654Z", "language": "en", "parent": null, "numchild": 0, "creation_date": "2015-11-17T10:00:40.298Z", "depth": 1, "position": 2, "path": "0008", "placeholder": 6, "plugin_type": "CMSCardPlugin"}, "model": "cms.cmsplugin", "pk": 21}, {"fields": {"changed_date": "2015-11-17T10:00:58.696Z", "language": "en", "parent": null, "numchild": 0, "creation_date": "2015-11-17T10:00:25.419Z", "depth": 1, "position": 0, "path": "000B", "placeholder": 11, "plugin_type": "TextPlugin"}, "model": "cms.cmsplugin", "pk": 24}, {"fields": {"changed_date": "2015-11-17T10:18:53.659Z", "language": "en", "parent": null, "numchild": 0, "creation_date": "2015-11-17T10:18:45.118Z", "depth": 1, "position": 0, "path": "000C", "placeholder": 6, "plugin_type": "TextPlugin"}, "model": "cms.cmsplugin", "pk": 25}, {"fields": {"changed_date": "2015-11-17T11:10:19.105Z", "language": "en", "parent": null, "numchild": 0, "creation_date": "2015-11-17T10:19:16.179Z", "depth": 1, "position": 0, "path": "000G", "placeholder": 14, "plugin_type": "TextPlugin"}, "model": "cms.cmsplugin", "pk": 29}, {"fields": {"changed_date": "2015-11-17T11:27:39.095Z", "language": "en", "parent": null, "numchild": 0, "creation_date": "2015-11-17T11:12:48.000Z", "depth": 1, "position": 0, "path": "000J", "placeholder": 17, "plugin_type": "PicturePlugin"}, "model": "cms.cmsplugin", "pk": 33}, {"fields": {"changed_date": "2015-11-17T11:47:31.798Z", "language": "en", "parent": null, "numchild": 0, "creation_date": "2015-11-17T11:30:05.516Z", "depth": 1, "position": 0, "path": "000K", "placeholder": 20, "plugin_type": "TextPlugin"}, "model": "cms.cmsplugin", "pk": 35}, {"fields": {"changed_date": "2015-11-17T11:32:25.284Z", "language": "en", "parent": null, "numchild": 0, "creation_date": "2015-11-17T11:30:33.991Z", "depth": 1, "position": 0, "path": "000L", "placeholder": 21, "plugin_type": "TextPlugin"}, "model": "cms.cmsplugin", "pk": 36}, {"fields": {"changed_date": "2015-11-17T11:40:23.052Z", "language": "en", "parent": null, "numchild": 0, "creation_date": "2015-11-17T11:39:42.442Z", "depth": 1, "position": 0, "path": "000M", "placeholder": 22, "plugin_type": "PicturePlugin"}, "model": "cms.cmsplugin", "pk": 39}, {"fields": {"changed_date": "2015-11-17T11:41:13.596Z", "language": "en", "parent": null, "numchild": 0, "creation_date": "2015-11-17T11:40:27.446Z", "depth": 1, "position": 0, "path": "000N", "placeholder": 16, "plugin_type": "VideoPlugin"}, "model": "cms.cmsplugin", "pk": 40}, {"fields": {"changed_date": "2015-11-17T11:42:04.595Z", "language": "en", "parent": null, "numchild": 0, "creation_date": "2015-11-17T11:41:56.567Z", "depth": 1, "position": 0, "path": "000O", "placeholder": 23, "plugin_type": "PicturePlugin"}, "model": "cms.cmsplugin", "pk": 41}, {"fields": {"changed_date": "2015-11-17T11:50:42.637Z", "language": "en", "parent": null, "numchild": 0, "creation_date": "2015-11-17T11:44:56.973Z", "depth": 1, "position": 0, "path": "000P", "placeholder": 24, "plugin_type": "CMSCardPlugin"}, "model": "cms.cmsplugin", "pk": 42}, {"fields": {"changed_date": "2015-11-17T12:44:22.918Z", "language": "en", "parent": null, "numchild": 0, "creation_date": "2015-11-17T10:19:16.179Z", "depth": 1, "position": 0, "path": "000Q", "placeholder": 15, "plugin_type": "TextPlugin"}, "model": "cms.cmsplugin", "pk": 51}, {"fields": {"changed_date": "2015-11-17T12:44:22.925Z", "language": "en", "parent": null, "numchild": 0, "creation_date": "2015-11-17T11:40:27.446Z", "depth": 1, "position": 0, "path": "000R", "placeholder": 26, "plugin_type": "VideoPlugin"}, "model": "cms.cmsplugin", "pk": 52}, {"fields": {"changed_date": "2015-11-17T12:44:22.936Z", "language": "en", "parent": null, "numchild": 0, "creation_date": "2015-11-17T11:12:48.000Z", "depth": 1, "position": 0, "path": "000S", "placeholder": 31, "plugin_type": "PicturePlugin"}, "model": "cms.cmsplugin", "pk": 53}, {"fields": {"changed_date": "2015-11-17T12:44:22.958Z", "language": "en", "parent": null, "numchild": 0, "creation_date": "2015-11-17T11:30:05.516Z", "depth": 1, "position": 0, "path": "000T", "placeholder": 25, "plugin_type": "TextPlugin"}, "model": "cms.cmsplugin", "pk": 54}, {"fields": {"changed_date": "2015-11-17T12:44:22.977Z", "language": "en", "parent": null, "numchild": 0, "creation_date": "2015-11-17T11:30:33.991Z", "depth": 1, "position": 0, "path": "000U", "placeholder": 27, "plugin_type": "TextPlugin"}, "model": "cms.cmsplugin", "pk": 55}, {"fields": {"changed_date": "2015-11-17T12:44:22.984Z", "language": "en", "parent": null, "numchild": 0, "creation_date": "2015-11-17T11:39:42.442Z", "depth": 1, "position": 0, "path": "000V", "placeholder": 28, "plugin_type": "PicturePlugin"}, "model": "cms.cmsplugin", "pk": 56}, {"fields": {"changed_date": "2015-11-17T12:44:22.994Z", "language": "en", "parent": null, "numchild": 0, "creation_date": "2015-11-17T11:41:56.567Z", "depth": 1, "position": 0, "path": "000W", "placeholder": 29, "plugin_type": "PicturePlugin"}, "model": "cms.cmsplugin", "pk": 57}, {"fields": {"changed_date": "2015-11-17T12:44:23.005Z", "language": "en", "parent": null, "numchild": 0, "creation_date": "2015-11-17T11:44:56.973Z", "depth": 1, "position": 0, "path": "000X", "placeholder": 30, "plugin_type": "CMSCardPlugin"}, "model": "cms.cmsplugin", "pk": 58}, {"fields": {"changed_date": "2015-11-18T07:36:03.677Z", "language": "en", "parent": null, "numchild": 0, "creation_date": "2015-11-18T07:36:00.709Z", "depth": 1, "position": 0, "path": "000Y", "placeholder": 34, "plugin_type": "CMSOutletPlugin"}, "model": "cms.cmsplugin", "pk": 59}, {"fields": {"changed_date": "2015-11-18T10:51:03.154Z", "language": "en", "parent": null, "numchild": 0, "creation_date": "2015-11-17T09:55:55.440Z", "depth": 1, "position": 1, "path": "0010", "placeholder": 7, "plugin_type": "CMSCardPlugin"}, "model": "cms.cmsplugin", "pk": 61}, {"fields": {"changed_date": "2015-11-18T10:51:03.162Z", "language": "en", "parent": null, "numchild": 0, "creation_date": "2015-11-17T10:00:40.298Z", "depth": 1, "position": 2, "path": "0011", "placeholder": 7, "plugin_type": "CMSCardPlugin"}, "model": "cms.cmsplugin", "pk": 62}, {"fields": {"changed_date": "2015-11-18T10:51:03.185Z", "language": "en", "parent": null, "numchild": 0, "creation_date": "2015-11-17T10:18:45.118Z", "depth": 1, "position": 0, "path": "0012", "placeholder": 7, "plugin_type": "TextPlugin"}, "model": "cms.cmsplugin", "pk": 63}, {"fields": {"changed_date": "2015-11-19T05:28:16.090Z", "language": "en", "parent": null, "numchild": 0, "creation_date": "2015-11-18T07:36:00.709Z", "depth": 1, "position": 0, "path": "0013", "placeholder": 35, "plugin_type": "CMSOutletPlugin"}, "model": "cms.cmsplugin", "pk": 64}, {"fields": {"changed_date": "2015-11-19T07:16:56.760Z", "language": "en", "parent": null, "numchild": 0, "creation_date": "2015-11-19T07:16:55.358Z", "depth": 1, "position": 0, "path": "0014", "placeholder": 76, "plugin_type": "CMSRetailPlugin"}, "model": "cms.cmsplugin", "pk": 72}, {"fields": {"changed_date": "2015-11-19T08:53:10.252Z", "language": "en", "parent": null, "numchild": 0, "creation_date": "2015-11-19T07:16:55.358Z", "depth": 1, "position": 0, "path": "0015", "placeholder": 77, "plugin_type": "CMSRetailPlugin"}, "model": "cms.cmsplugin", "pk": 73}, {"fields": {"changed_date": "2015-11-20T07:01:12.827Z", "language": "en", "parent": null, "numchild": 0, "creation_date": "2015-11-20T07:00:10.611Z", "depth": 1, "position": 3, "path": "0016", "placeholder": 6, "plugin_type": "FormPlugin"}, "model": "cms.cmsplugin", "pk": 75}, {"fields": {"navigation_extenders": null, "site": 1, "application_namespace": null, "path": "0004", "in_navigation": true, "reverse_id": null, "login_required": false, "created_by": "rajatg", "languages": "en", "publication_end_date": null, "template": "page.html", "placeholders": [6, 8, 36, 37, 38, 39, 40, 41], "changed_date": "2015-11-20T07:01:12.895Z", "limit_visibility_in_menu": null, "parent": null, "numchild": 0, "soft_root": false, "is_home": false, "publication_date": "2015-11-17T09:27:52.771Z", "creation_date": "2015-11-17T09:27:46.447Z", "publisher_public": 4, "application_urls": null, "changed_by": "rajatg", "publisher_is_draft": true, "xframe_options": 0, "depth": 1, "revision_id": 0}, "model": "cms.page", "pk": 3}, {"fields": {"navigation_extenders": null, "site": 1, "application_namespace": null, "path": "0008", "in_navigation": true, "reverse_id": null, "login_required": false, "created_by": "rajatg", "languages": "en", "publication_end_date": null, "template": "page.html", "placeholders": [7, 9, 42, 43, 44, 45, 46, 47], "changed_date": "2015-11-19T05:29:10.676Z", "limit_visibility_in_menu": null, "parent": null, "numchild": 0, "soft_root": false, "is_home": false, "publication_date": "2015-11-17T09:27:52.771Z", "creation_date": "2015-11-17T09:27:52.779Z", "publisher_public": 3, "application_urls": null, "changed_by": "rajatg", "publisher_is_draft": false, "xframe_options": 0, "depth": 1, "revision_id": 0}, "model": "cms.page", "pk": 4}, {"fields": {"navigation_extenders": null, "site": 1, "application_namespace": null, "path": "0005", "in_navigation": true, "reverse_id": null, "login_required": false, "created_by": "rajatg", "languages": "en", "publication_end_date": null, "template": "mock.html", "placeholders": [12, 14, 16, 17, 18, 19, 20, 21, 22, 23, 24], "changed_date": "2015-11-19T05:28:59.641Z", "limit_visibility_in_menu": null, "parent": null, "numchild": 0, "soft_root": false, "is_home": false, "publication_date": "2015-11-17T10:01:25.575Z", "creation_date": "2015-11-17T10:01:21.303Z", "publisher_public": 6, "application_urls": null, "changed_by": "rajatg", "publisher_is_draft": true, "xframe_options": 0, "depth": 1, "revision_id": 0}, "model": "cms.page", "pk": 5}, {"fields": {"navigation_extenders": null, "site": 1, "application_namespace": null, "path": "0009", "in_navigation": true, "reverse_id": null, "login_required": false, "created_by": "rajatg", "languages": "en", "publication_end_date": null, "template": "mock.html", "placeholders": [13, 15, 25, 26, 27, 28, 29, 30, 31, 32, 33], "changed_date": "2015-11-19T05:28:59.709Z", "limit_visibility_in_menu": null, "parent": null, "numchild": 0, "soft_root": false, "is_home": false, "publication_date": "2015-11-17T10:01:25.575Z", "creation_date": "2015-11-17T10:01:25.584Z", "publisher_public": 5, "application_urls": null, "changed_by": "rajatg", "publisher_is_draft": false, "xframe_options": 0, "depth": 1, "revision_id": 0}, "model": "cms.page", "pk": 6}, {"fields": {"navigation_extenders": null, "site": 1, "application_namespace": null, "path": "0003", "in_navigation": true, "reverse_id": null, "login_required": false, "created_by": "rajatg", "languages": "en", "publication_end_date": null, "template": "page.html", "placeholders": [34, 49, 51, 52, 53, 54, 55, 56], "changed_date": "2015-11-20T07:01:12.921Z", "limit_visibility_in_menu": null, "parent": null, "numchild": 0, "soft_root": false, "is_home": true, "publication_date": "2015-11-18T04:56:37.821Z", "creation_date": "2015-11-18T04:56:29.426Z", "publisher_public": 8, "application_urls": null, "changed_by": "rajatg", "publisher_is_draft": true, "xframe_options": 0, "depth": 1, "revision_id": 0}, "model": "cms.page", "pk": 7}, {"fields": {"navigation_extenders": null, "site": 1, "application_namespace": null, "path": "0007", "in_navigation": true, "reverse_id": null, "login_required": false, "created_by": "rajatg", "languages": "en", "publication_end_date": null, "template": "page.html", "placeholders": [35, 50, 57, 58, 59, 60, 61, 62], "changed_date": "2015-11-19T08:53:10.271Z", "limit_visibility_in_menu": null, "parent": null, "numchild": 1, "soft_root": false, "is_home": true, "publication_date": "2015-11-18T04:56:37.821Z", "creation_date": "2015-11-18T04:56:37.830Z", "publisher_public": 7, "application_urls": null, "changed_by": "rajatg", "publisher_is_draft": false, "xframe_options": 0, "depth": 1, "revision_id": 0}, "model": "cms.page", "pk": 8}, {"fields": {"navigation_extenders": null, "site": 1, "application_namespace": null, "path": "000E", "in_navigation": true, "reverse_id": null, "login_required": false, "created_by": "rajatg", "languages": "en", "publication_end_date": null, "template": "page.html", "placeholders": [48], "changed_date": "2015-11-19T05:27:53.428Z", "limit_visibility_in_menu": null, "parent": null, "numchild": 0, "soft_root": false, "is_home": false, "publication_date": "2015-11-19T05:27:53.298Z", "creation_date": "2015-11-19T04:30:12.214Z", "publisher_public": 14, "application_urls": null, "changed_by": "rajatg", "publisher_is_draft": true, "xframe_options": 0, "depth": 1, "revision_id": 0}, "model": "cms.page", "pk": 9}, {"fields": {"navigation_extenders": null, "site": 1, "application_namespace": null, "path": "000F", "in_navigation": true, "reverse_id": null, "login_required": false, "created_by": "rajatg", "languages": "en", "publication_end_date": null, "template": "page.html", "placeholders": [73], "changed_date": "2015-11-19T05:27:53.369Z", "limit_visibility_in_menu": null, "parent": null, "numchild": 0, "soft_root": false, "is_home": false, "publication_date": "2015-11-19T05:27:53.298Z", "creation_date": "2015-11-19T05:27:53.307Z", "publisher_public": 9, "application_urls": null, "changed_by": "rajatg", "publisher_is_draft": false, "xframe_options": 0, "depth": 1, "revision_id": 0}, "model": "cms.page", "pk": 14}, {"fields": {"navigation_extenders": null, "site": 1, "application_namespace": null, "path": "000G", "in_navigation": true, "reverse_id": null, "login_required": false, "created_by": "rajatg", "languages": "en", "publication_end_date": null, "template": "INHERIT", "placeholders": [76], "changed_date": "2015-11-19T08:53:10.330Z", "limit_visibility_in_menu": null, "parent": null, "numchild": 0, "soft_root": false, "is_home": false, "publication_date": "2015-11-19T06:48:47.318Z", "creation_date": "2015-11-19T06:48:42.186Z", "publisher_public": 18, "application_urls": null, "changed_by": "rajatg", "publisher_is_draft": true, "xframe_options": 0, "depth": 1, "revision_id": 0}, "model": "cms.page", "pk": 17}, {"fields": {"navigation_extenders": null, "site": 1, "application_namespace": null, "path": "000H", "in_navigation": true, "reverse_id": null, "login_required": false, "created_by": "rajatg", "languages": "en", "publication_end_date": null, "template": "INHERIT", "placeholders": [77], "changed_date": "2015-11-19T08:53:10.258Z", "limit_visibility_in_menu": null, "parent": null, "numchild": 0, "soft_root": false, "is_home": false, "publication_date": "2015-11-19T06:48:47.318Z", "creation_date": "2015-11-19T06:48:47.328Z", "publisher_public": 17, "application_urls": null, "changed_by": "rajatg", "publisher_is_draft": false, "xframe_options": 0, "depth": 1, "revision_id": 0}, "model": "cms.page", "pk": 18}, {"fields": {"menu_title": "", "meta_description": "", "page_title": "Airport Information", "language": "en", "title": "Airport Information", "has_url_overwrite": false, "redirect": null, "publisher_is_draft": true, "page": 3, "published": true, "path": "airport-information", "publisher_state": 1, "creation_date": "2015-11-17T09:27:46.471Z", "slug": "airport-information", "publisher_public": 4}, "model": "cms.title", "pk": 3}, {"fields": {"menu_title": "", "meta_description": "", "page_title": "Airport Information", "language": "en", "title": "Airport Information", "has_url_overwrite": false, "redirect": null, "publisher_is_draft": false, "page": 4, "published": true, "path": "airport-information", "publisher_state": 0, "creation_date": "2015-11-17T09:27:46.471Z", "slug": "airport-information", "publisher_public": 3}, "model": "cms.title", "pk": 4}, {"fields": {"menu_title": "", "meta_description": "", "page_title": "About Us", "language": "en", "title": "About Us", "has_url_overwrite": false, "redirect": null, "publisher_is_draft": true, "page": 5, "published": true, "path": "about-us", "publisher_state": 0, "creation_date": "2015-11-17T10:01:21.330Z", "slug": "about-us", "publisher_public": 6}, "model": "cms.title", "pk": 5}, {"fields": {"menu_title": "", "meta_description": "", "page_title": "About Us", "language": "en", "title": "About Us", "has_url_overwrite": false, "redirect": null, "publisher_is_draft": false, "page": 6, "published": true, "path": "about-us", "publisher_state": 0, "creation_date": "2015-11-17T10:01:21.330Z", "slug": "about-us", "publisher_public": 5}, "model": "cms.title", "pk": 6}, {"fields": {"menu_title": "", "meta_description": "", "page_title": "Outlets", "language": "en", "title": "Outlets", "has_url_overwrite": false, "redirect": null, "publisher_is_draft": true, "page": 7, "published": true, "path": "", "publisher_state": 0, "creation_date": "2015-11-18T04:56:29.467Z", "slug": "outlets", "publisher_public": 8}, "model": "cms.title", "pk": 7}, {"fields": {"menu_title": "", "meta_description": "", "page_title": "Outlets", "language": "en", "title": "Outlets", "has_url_overwrite": false, "redirect": null, "publisher_is_draft": false, "page": 8, "published": true, "path": "", "publisher_state": 0, "creation_date": "2015-11-18T04:56:29.467Z", "slug": "outlets", "publisher_public": 7}, "model": "cms.title", "pk": 8}, {"fields": {"menu_title": "Corporate", "meta_description": "", "page_title": "", "language": "en", "title": "Corporate", "has_url_overwrite": false, "redirect": null, "publisher_is_draft": true, "page": 9, "published": true, "path": "corporate", "publisher_state": 0, "creation_date": "2015-11-19T04:30:12.241Z", "slug": "corporate", "publisher_public": 14}, "model": "cms.title", "pk": 9}, {"fields": {"menu_title": "Corporate", "meta_description": "", "page_title": "", "language": "en", "title": "Corporate", "has_url_overwrite": false, "redirect": null, "publisher_is_draft": false, "page": 14, "published": true, "path": "corporate", "publisher_state": 0, "creation_date": "2015-11-19T04:30:12.241Z", "slug": "corporate", "publisher_public": 9}, "model": "cms.title", "pk": 14}, {"fields": {"menu_title": "", "meta_description": "", "page_title": "Retail", "language": "en", "title": "Retail", "has_url_overwrite": false, "redirect": null, "publisher_is_draft": true, "page": 17, "published": true, "path": "retail", "publisher_state": 0, "creation_date": "2015-11-19T06:48:42.211Z", "slug": "retail", "publisher_public": 18}, "model": "cms.title", "pk": 17}, {"fields": {"menu_title": "", "meta_description": "", "page_title": "Retail", "language": "en", "title": "Retail", "has_url_overwrite": false, "redirect": null, "publisher_is_draft": false, "page": 18, "published": true, "path": "retail", "publisher_state": 0, "creation_date": "2015-11-19T06:48:42.211Z", "slug": "retail", "publisher_public": 17}, "model": "cms.title", "pk": 18}, {"fields": {"code": "footer", "name": "footer", "creation_method": "template", "site": null, "draft": 10, "dirty": false, "public": 11}, "model": "cms.staticplaceholder", "pk": 1}, {"fields": {"url": "", "image": "cms_page_media/3/TW2-1.bmp", "description": "BIAL provides wonderful taxi.", "alt": "", "title": "Taxi"}, "model": "card.cardplugin", "pk": 17}, {"fields": {"url": "", "image": "cms_page_media/3/cool-hd-wallpapers-mac-hd-wallpapers.jpg", "description": "BIAL provides Vayu Vajra.", "alt": "", "title": "Bus"}, "model": "card.cardplugin", "pk": 21}, {"fields": {"url": "http://www.ececonline.org/wp-content/uploads/2014/06/i-need-a-cover.jpg", "image": "cms_page_media/5/cool-hd-wallpapers-mac-hd-wallpapers_J2MkHFg.jpg", "description": "A long and exciting journey began for Kempegowda International Airport Bengaluru .", "alt": "", "title": "Taxi"}, "model": "card.cardplugin", "pk": 42}, {"fields": {"url": "http://www.ececonline.org/wp-content/uploads/2014/06/i-need-a-cover.jpg", "image": "cms_page_media/5/cool-hd-wallpapers-mac-hd-wallpapers_J2MkHFg.jpg", "description": "A long and exciting journey began for Kempegowda International Airport Bengaluru .", "alt": "", "title": "Taxi"}, "model": "card.cardplugin", "pk": 58}, {"fields": {"url": "", "image": "cms_page_media/3/TW2-1.bmp", "description": "BIAL provides wonderful taxi.", "alt": "", "title": "Taxi"}, "model": "card.cardplugin", "pk": 61}, {"fields": {"url": "", "image": "cms_page_media/3/cool-hd-wallpapers-mac-hd-wallpapers.jpg", "description": "BIAL provides Vayu Vajra.", "alt": "", "title": "Bus"}, "model": "card.cardplugin", "pk": 62}, {"fields": {}, "model": "outlet.outletplugin", "pk": 59}, {"fields": {}, "model": "outlet.outletplugin", "pk": 64}, {"fields": {}, "model": "outlet.retailplugin", "pk": 72}, {"fields": {}, "model": "outlet.retailplugin", "pk": 73}]